{"cameraMode":{"drawMode":0,"name":"Shaded","section":"Shading Mode"},"sceneLighting":false,"audioPlay":false,"sceneViewState":{"showFog":true,"showMaterialUpdate":false,"showSkybox":false,"showFlares":true,"showImageEffects":true,"showParticleSystems":true},"in2DMode":false,"pivot":{"x":-11.33954906463623,"y":4.255540370941162,"z":3.952378988265991},"rotation":{"x":-0.1866515576839447,"y":-0.02446374110877514,"z":0.004645766690373421,"w":-0.982121467590332},"size":63.94545364379883,"orthographic":false}