{"cameraMode":{"drawMode":0,"name":"Shaded","section":"Shading Mode"},"sceneLighting":true,"audioPlay":false,"sceneViewState":{"showFog":true,"showMaterialUpdate":false,"showSkybox":true,"showFlares":true,"showImageEffects":true,"showParticleSystems":true},"in2DMode":false,"pivot":{"x":-22.976911544799806,"y":4.836577415466309,"z":23.49612045288086},"rotation":{"x":-0.055736806243658069,"y":-0.03983117267489433,"z":0.0022216334473341705,"w":-0.9976584911346436},"size":66.58584594726563,"orthographic":false}